species	genome	time	distances
Absiella_dolichum	Absiella_dolichum_GCA_003149895	193.0	1.0166666666666666
Acetobacter_aceti	Acetobacter_aceti_NBRC_14818_GCA_000193495	325.0	3.216666666666667
Acetobacter_ascendens	Acetobacter_ascendens_GCA_001766255	247.0	1.8
Acetobacter_cerevisiae	Acetobacter_cerevisiae_GCA_001581105	230.0	1.5
Acetobacter_cibinongensis	Acetobacter_cibinongensis_4H_1_GCA_000963925	201.0	1.0833333333333333
Acetobacter_indonesiensis	Acetobacter_indonesiensis_5H_1_GCA_000963945	231.0	1.5333333333333334
Acetobacterium_bakii	Acetobacterium_bakii_GCA_900562175	218.0	2.283333333333333
Acetobacter_malorum	Acetobacter_malorum_GCA_001581035	284.0	3.466666666666667
Acetobacter_okinawensis	Acetobacter_okinawensis_GCA_002153655	132.0	0.95
Acetobacter_orientalis	Acetobacter_orientalis_21F_2_GCA_000963965	344.0	2.716666666666667
Acetobacter_orleanensis	Acetobacter_orleanensis_GCA_002358055	275.0	1.55
Acetobacter_oryzifermentans	Acetobacter_oryzifermentans_GCA_002220195	258.0	1.1333333333333333
Acetobacter_pasteurianus	Acetobacter_pasteurianus_subsp__pasteurianus_LMG_1262___NBRC_106471_GCA_000241625	327.0	2.4
Acetobacter_persici	Acetobacter_persici_JCM_25330_GCA_000613905	277.0	1.6
Acetobacter_senegalensis	Acetobacter_senegalensis_GCA_001499615	297.0	1.8333333333333333
Acetobacter_syzygii	Acetobacter_syzygii_GCA_002276805	307.0	2.05
Acetobacter_tropicalis	Acetobacter_tropicalis_GCA_001580945	390.0	3.55
Acholeplasma_laidlawii	Acholeplasma_laidlawii_GCA_001730135	207.0	0.45
Acholeplasma_oculi	Acholeplasma_oculi_GCA_000953195	240.0	0.9166666666666666
Achromobacter_denitrificans	Achromobacter_denitrificans_GCA_003939895	673.0	9.6
Achromobacter_insolitus	Achromobacter_insolitus_GCA_900637265	358.0	4.1
Achromobacter_marplatensis	Achromobacter_marplatensis_GCA_002209535	349.0	3.933333333333333
Achromobacter_piechaudii	Achromobacter_piechaudii_GCA_001262515	316.0	3.5
Achromobacter_xylosoxidans	Achromobacter_xylosoxidans_GCA_001957055	558.0	7.45
Acidaminococcus_fermentans	Acidaminococcus_fermentans_GCA_900314805	314.0	2.1333333333333333
Acidaminococcus_intestini	Acidaminococcus_intestini_GCA_000174215	256.0	1.1833333333333333
Acidibacillus_ferrooxidans	Acidibacillus_ferrooxidans_GCA_002027205	299.0	1.8833333333333333
Acidiferrobacter_thiooxydans	Acidiferrobacter_thiooxydans_GCA_001705075	259.0	1.1833333333333333
Acidihalobacter_prosperus	Acidihalobacter_prosperus_GCA_001753245	283.0	1.55
Acidiphilium_multivorum	Acidiphilium_multivorum_AIU301_GCA_000202835	274.0	1.5
Acidiplasma_aeolicum	Acidiplasma_aeolicum_GCA_001399695	241.0	0.8666666666666667
Acidiplasma_cupricumulans	Acidiplasma_cupricumulans_JCM_13668_GCA_001316225	230.0	0.6833333333333333
Acidipropionibacterium_acidipropionici	Acidipropionibacterium_acidipropionici_GCA_001855335	413.0	3.8333333333333335
Acidithiobacillus_caldus	Acidithiobacillus_caldus_GCA_001756725	372.0	3.183333333333333
Acidithiobacillus_ferrooxidans	Acidithiobacillus_ferrooxidans_GCA_001418795	271.0	3.033333333333333
Acidithiobacillus_thiooxidans	Acidithiobacillus_thiooxidans_GCA_001705645	317.0	3.816666666666667
Acidocella_aminolytica	Acidocella_aminolytica_101___DSM_11237_GCA_000964385	179.0	1.3666666666666667
Acidovorax_avenae	Acidovorax_avenae_subsp__avenae_GCA_003029925	266.0	2.8833333333333333
Acidovorax_caeni	Acidovorax_caeni_GCA_001298675	183.0	1.45
Acidovorax_carolinensis	Acidovorax_carolinensis_GCA_002157125	264.0	2.816666666666667
Acidovorax_cattleyae	Acidovorax_cattleyae_GCA_900104515	210.0	1.8666666666666667
Acidovorax_citrulli	Acidovorax_citrulli_GCA_001593665	238.0	2.466666666666667
Acidovorax_radicis	Acidovorax_radicis_N35_GCA_000204195	216.0	1.9666666666666666
Acinetobacter_baylyi	Acinetobacter_baylyi_GCA_001485005	252.0	2.75
Acinetobacter_beijerinckii	Acinetobacter_beijerinckii_CIP_110307_GCA_000369005	190.0	1.7333333333333334
Acinetobacter_bereziniae	Acinetobacter_bereziniae_GCA_001500155	150.0	1.0166666666666666
Acinetobacter_bohemicus	Acinetobacter_bohemicus_GCA_900116265	156.0	1.1333333333333333
Acinetobacter_bouvetii	Acinetobacter_bouvetii_DSM_14964___CIP_107468_GCA_000373725	156.0	1.65
Acinetobacter_brisouii	Acinetobacter_brisouii_CIP_110357_GCA_000931655	172.0	1.9333333333333333
Acinetobacter_calcoaceticus	Acinetobacter_calcoaceticus_ANC_3680_GCA_000368945	142.0	1.1333333333333333
Acinetobacter_colistiniresistens	Acinetobacter_colistiniresistens_GCA_000369765	220.0	2.45
Acinetobacter_gerneri	Acinetobacter_gerneri_GCA_000747725	184.0	2.1333333333333333
Acinetobacter_guillouiae	Acinetobacter_guillouiae_NIPH_991_GCA_000368485	287.0	3.7666666666666666
Acinetobacter_gyllenbergii	Acinetobacter_gyllenbergii_MTCC_11365_GCA_000414075	273.0	3.2333333333333334
Acinetobacter_haemolyticus	Acinetobacter_haemolyticus_TG21157_GCA_000301715	159.0	1.3333333333333333
Acinetobacter_indicus	Acinetobacter_indicus_ANC_4215_GCA_000413875	218.0	2.2666666666666666
Acinetobacter_johnsonii	Acinetobacter_johnsonii_GCA_003523415	225.0	2.7666666666666666
Acinetobacter_junii	Acinetobacter_junii_GCA_003940305	98.0	0.7166666666666667
Acinetobacter_lactucae	Acinetobacter_lactucae_GCA_000516615	335.0	4.65
Acinetobacter_lwoffii	Acinetobacter_lwoffii_GCA_000836095	201.0	2.316666666666667
Acinetobacter_nosocomialis	Acinetobacter_nosocomialis_GCA_002634315	149.0	1.5
Acinetobacter_oleivorans	Acinetobacter_oleivorans_DR1_GCA_000196795	283.0	3.6666666666666665
Acinetobacter_parvus	Acinetobacter_parvus_GCA_001485085	184.0	1.9833333333333334
Acinetobacter_radioresistens	Acinetobacter_radioresistens_NIPH_2130_GCA_000368885	367.0	3.25
Acinetobacter_rudis	Acinetobacter_rudis_CIP_110305_GCA_000413895	278.0	1.3333333333333333
Acinetobacter_schindleri	Acinetobacter_schindleri_NIPH_900_GCA_000368465	240.0	1.1333333333333333
Acinetobacter_seifertii	Acinetobacter_seifertii_GCA_001054375	287.0	1.5333333333333334
Acinetobacter_soli	Acinetobacter_soli_GCA_000760595	227.0	1.35
Acinetobacter_tandoii	Acinetobacter_tandoii_GCA_000760555	307.0	2.5833333333333335
Acinetobacter_tjernbergiae	Acinetobacter_tjernbergiae_GCA_000759995	262.0	1.7666666666666666
Acinetobacter_towneri	Acinetobacter_towneri_DSM_14962___CIP_107472_GCA_000688495	256.0	1.6833333333333333
Acinetobacter_ursingii	Acinetobacter_ursingii_GCA_002454515	203.0	0.9166666666666666
Acinetobacter_venetianus	Acinetobacter_venetianus_GCA_001584675	246.0	1.3666666666666667
Actinoalloteichus_cyanogriseus	Actinoalloteichus_cyanogriseus_GCA_000716095	337.0	3.183333333333333
Actinobacillus_lignieresii	Actinobacillus_lignieresii_GCA_900444945	228.0	1.15
Actinobacillus_minor	Actinobacillus_minor_202_GCA_000174155	190.0	0.9666666666666667
Actinobacillus_pleuropneumoniae	Actinobacillus_pleuropneumoniae_GCA_900444975	240.0	1.35
Actinobacillus_seminis	Actinobacillus_seminis_GCA_900460625	185.0	1.0833333333333333
Actinobacillus_succinogenes	Actinobacillus_succinogenes_GCA_002591855	180.0	0.9666666666666667
Actinobacillus_suis	Actinobacillus_suis_GCA_003112085	359.0	2.9166666666666665
Actinobacillus_ureae	Actinobacillus_ureae_GCA_900445035	309.0	1.65
Actinobaculum_massiliense	Actinobaculum_massiliense_GCA_001457435	261.0	0.8333333333333334
Actinobaculum_suis	Actinobaculum_suis_GCA_900102025	303.0	1.55
Actinomadura_madurae	Actinomadura_madurae_GCA_900115095	622.0	7.35
Actinomyces_denticolens	Actinomyces_denticolens_GCA_001995055	314.0	2.0
Actinomyces_gaoshouyii	Actinomyces_gaoshouyii_GCA_002072175	264.0	0.8833333333333333
Actinomyces_georgiae	Actinomyces_georgiae_DSM_6843_GCA_000429245	295.0	1.4
Actinomyces_liubingyangii	Actinomyces_liubingyangii_GCA_001907245	253.0	0.7833333333333333
Actinomyces_massiliensis	Actinomyces_massiliensis_F0489_GCA_000296275	204.0	1.1666666666666667
Actinomyces_meyeri	Actinomyces_meyeri_GCA_900105015	179.0	0.8333333333333334
Actinomyces_naeslundii	Actinomyces_naeslundii_GCA_001956365	276.0	2.3833333333333333
Actinomyces_neuii	Actinomyces_neuii_GCA_002860625	247.0	1.8833333333333333
Actinomyces_odontolyticus	Actinomyces_odontolyticus_ATCC_17982_GCA_000154225	242.0	1.8166666666666667
Actinomyces_urogenitalis	Actinomyces_urogenitalis_GCA_001067145	324.0	2.2666666666666666
Actinopolyspora_erythraea	Actinopolyspora_erythraea_GCA_000763095	308.0	1.8333333333333333
Actinopolyspora_mortivallis	Actinopolyspora_mortivallis_GCA_003001495	296.0	1.5666666666666667
Actinosynnema_pretiosum	Actinosynnema_pretiosum_subsp__pretiosum_GCA_003516205	460.0	4.716666666666667
Actinotignum_schaalii	Actinotignum_schaalii_FB123_CNA_2_GCA_000411135	268.0	1.1833333333333333
Actinotignum_timonense	Actinotignum_timonense_GCA_002860685	277.0	1.2833333333333334
Actinotignum_urinale	Actinotignum_urinale_DSM_15805_GCA_000420445	237.0	0.7666666666666667
Acuticoccus_yangtzensis	Acuticoccus_yangtzensis_GCA_003073145	196.0	1.7833333333333334
Adlercreutzia_equolifaciens	Adlercreutzia_equolifaciens_DSM_19450_GCA_000478885	160.0	1.3
Advenella_kashmirensis	Advenella_kashmirensis_GCA_002384805	218.0	2.283333333333333
Aequorivita_viscosa	Aequorivita_viscosa_GCA_900141955	258.0	1.3166666666666667
Aerococcus_christensenii	Aerococcus_christensenii_DSM_15819___CCUG_28831_GCA_001466745	248.0	1.2333333333333334
Aerococcus_sanguinicola	Aerococcus_sanguinicola_GCA_002847725	226.0	0.8166666666666667
Aerococcus_urinae	Aerococcus_urinae_GCA_002087935	277.0	NA
Aerococcus_urinaeequi	Aerococcus_urinaeequi_DSM_20341___CCUG_28094_GCA_000425085	267.0	1.65
Aerococcus_urinaehominis	Aerococcus_urinaehominis_GCA_900103385	212.0	0.7
Aerococcus_viridans	Aerococcus_viridans_GCA_900445105	277.0	3.1333333333333333
Aeromicrobium_massiliense	Aeromicrobium_massiliense_JC14_GCA_000312105	178.0	1.6333333333333333
Aeromonas_allosaccharophila	Aeromonas_allosaccharophila_GCA_000819685	442.0	4.316666666666666
Aeromonas_bestiarum	Aeromonas_bestiarum_GCA_000819745	355.0	2.4166666666666665
Aeromonas_bivalvium	Aeromonas_bivalvium_GCA_003265465	342.0	2.1333333333333333
Aeromonas_caviae	Aeromonas_caviae_GCA_900491735	343.0	2.0833333333333335
Aeromonas_dhakensis	Aeromonas_dhakensis_GCA_002734165	330.0	1.9166666666666667
Aeromonas_diversa	Aeromonas_diversa_GCA_003201375	313.0	1.7333333333333334
Aeromonas_enteropelogenes	Aeromonas_enteropelogenes_GCA_000687355	386.0	3.2333333333333334
Aeromonas_hydrophila	Aeromonas_hydrophila_GCA_002297625	270.0	1.5333333333333334
Aeromonas_jandaei	Aeromonas_jandaei_GCA_003849685	392.0	3.3833333333333333
Aeromonas_media	Aeromonas_media_GCA_900491715	385.0	4.5
Aeromonas_piscicola	Aeromonas_piscicola_GCA_001684435	215.0	1.6
Aeromonas_salmonicida	Aeromonas_salmonicida_subsp__salmonicida_GCA_001499805	343.0	3.7
Aeromonas_schubertii	Aeromonas_schubertii_GCA_000820105	238.0	2.0166666666666666
Aeromonas_sobria	Aeromonas_sobria_GCA_000820145	330.0	3.433333333333333
Aeromonas_taiwanensis	Aeromonas_taiwanensis_GCA_000820165	285.0	1.4666666666666666
Aeromonas_veronii	Aeromonas_veronii_GCA_001593245	353.0	2.5
Aeropyrum_camini	Aeropyrum_camini_SY1___JCM_12091_GCA_000591035	228.0	0.7333333333333333
Afifella_marina	Afifella_marina_DSM_2698_GCA_003258905	281.0	1.4166666666666667
Afipia_broomeae	Afipia_broomeae_ATCC_49717_GCA_000314675	306.0	1.7666666666666666
Afipia_felis	Afipia_felis_GCA_900445155	354.0	2.5833333333333335
Aggregatibacter_actinomycetemcomitans	Aggregatibacter_actinomycetemcomitans_NUM4039_GCA_001547775	212.0	0.8666666666666667
Aggregatibacter_aphrophilus	Aggregatibacter_aphrophilus_GCA_003130365	108.0	0.7333333333333333
Aggregatibacter_kilianii	Aggregatibacter_kilianii_GCA_003130645	381.0	3.066666666666667
Aggregatibacter_segnis	Aggregatibacter_segnis_GCA_001059425	279.0	1.1
Agrobacterium_bohemicum	Agrobacterium_bohemicum_GCA_002896715	196.0	1.7666666666666666
Agrobacterium_fabrum	Agrobacterium_fabrum_GCA_003667945	411.0	5.316666666666666
Agrobacterium_rhizogenes	Agrobacterium_rhizogenes_GCA_000705135	491.0	6.4
Agrobacterium_rosae	Agrobacterium_rosae_GCA_002915195	231.0	1.9333333333333333
Agrobacterium_rubi	Agrobacterium_rubi_GCA_001692345	233.0	1.9833333333333334
Agrobacterium_salinitolerans	Agrobacterium_salinitolerans_GCA_002008225	225.0	1.8166666666666667
Agrobacterium_tumefaciens	Agrobacterium_tumefaciens_GCA_003666445	411.0	5.183333333333334
Agrobacterium_vitis	Agrobacterium_vitis_GCA_001758275	373.0	3.2
Akkermansia_glycaniphila	Akkermansia_glycaniphila_GCA_001683795	265.0	1.2166666666666666
Akkermansia_muciniphila	Akkermansia_muciniphila_GCA_002885135	257.0	1.0333333333333334
Albidovulum_xiamenense	Albidovulum_xiamenense_GCA_003001835	258.0	1.2166666666666666
Alcaligenes_faecalis	Alcaligenes_faecalis_GCA_002120025	332.0	2.45
Alcanivorax_borkumensis	Alcanivorax_borkumensis_SK2_GCA_000009365	259.0	1.0833333333333333
Alcanivorax_dieselolei	Alcanivorax_dieselolei_GCA_001411415	295.0	1.7833333333333334
Alcanivorax_jadensis	Alcanivorax_jadensis_GCA_003862375	339.0	2.6166666666666667
Alcanivorax_xenomutans	Alcanivorax_xenomutans_GCA_900217905	288.0	1.6833333333333333
Algibacter_lectus	Algibacter_lectus_GCA_000764755	322.0	2.316666666666667
Algoriphagus_antarcticus	Algoriphagus_antarcticus_GCA_002150685	292.0	2.1166666666666667
Algoriphagus_boritolerans	Algoriphagus_boritolerans_DSM_17298___JCM_18970_GCA_001313265	273.0	1.4666666666666666
Algoriphagus_faecimaris	Algoriphagus_faecimaris_GCA_900101705	276.0	1.65
Algoriphagus_marincola	Algoriphagus_marincola_HL_49_GCA_001314815	288.0	1.9166666666666667
Alicycliphilus_denitrificans	Alicycliphilus_denitrificans_GCA_002250385	368.0	3.4
Alicyclobacillus_acidocaldarius	Alicyclobacillus_acidocaldarius_subsp__acidocaldarius_Tc_4_1_GCA_000219875	276.0	1.5333333333333334
Alicyclobacillus_hesperidum	Alicyclobacillus_hesperidum_URH17_3_68_GCA_000294675	215.0	1.15
Alicyclobacillus_macrosporangiidus	Alicyclobacillus_macrosporangiidus_CPP55_GCA_000702485	269.0	1.3333333333333333
Aliiroseovarius_crassostreae	Aliiroseovarius_crassostreae_GCA_900116725	248.0	1.2166666666666666
Aliivibrio_sifiae	Aliivibrio_sifiae_GCA_002954715	321.0	1.6833333333333333
Alistipes_finegoldii	Alistipes_finegoldii_DSM_17242_GCA_000265365	313.0	1.6833333333333333
Alistipes_indistinctus	Alistipes_indistinctus_GCA_003460105	249.0	0.9333333333333333
Alistipes_obesi	Alistipes_obesi_GCA_000311925	306.0	1.5166666666666666
Alistipes_onderdonkii	Alistipes_onderdonkii_GCA_002159215	297.0	1.35
Alistipes_putredinis	Alistipes_putredinis_GCA_001915335	259.0	1.05
Alistipes_timonensis	Alistipes_timonensis_JC136_GCA_000285455	312.0	1.55
Alkalilimnicola_ehrlichii	Alkalilimnicola_ehrlichii_GCA_003399715	336.0	2.1166666666666667
Alkalitalea_saponilacus	Alkalitalea_saponilacus_GCA_900168165	315.0	1.7
Alloiococcus_otitis	Alloiococcus_otitis_GCA_900445205	230.0	0.8
Allokutzneria_albata	Allokutzneria_albata_GCA_900103775	423.0	3.783333333333333
Alloscardovia_macacae	Alloscardovia_macacae_GCA_002127665	274.0	1.0166666666666666
Alloscardovia_omnicolens	Alloscardovia_omnicolens_GCA_001056455	331.0	2.05
Altererythrobacter_marensis	Altererythrobacter_marensis_GCA_003240655	274.0	1.0333333333333334
Alteribacillus_bidgolensis	Alteribacillus_bidgolensis_GCA_002886255	304.0	1.5166666666666666
Alteromonas_abrolhosensis	Alteromonas_abrolhosensis_GCA_001953645	306.0	1.55
Alteromonas_australica	Alteromonas_australica_GCA_002341225	492.0	4.883333333333334
Alteromonas_macleodii	Alteromonas_macleodii_GCA_001626275	410.0	3.4833333333333334
Alteromonas_mediterranea	Alteromonas_mediterranea_UM4b_GCA_000439595	432.0	3.933333333333333
Alteromonas_stellipolaris	Alteromonas_stellipolaris_GCA_001632765	383.0	3.1333333333333333
Alysiella_crassa	Alysiella_crassa_DSM_2578_GCA_000745955	255.0	1.1833333333333333
Aminobacter_aminovorans	Aminobacter_aminovorans_GCA_900445235	323.0	2.1
Amycolatopsis_alba	Amycolatopsis_alba_DSM_44262_GCA_002234385	439.0	4.016666666666667
Amycolatopsis_azurea	Amycolatopsis_azurea_DSM_43854_GCA_001995215	440.0	3.9
Amycolatopsis_keratiniphila	Amycolatopsis_keratiniphila_GCA_900105855	642.0	7.416666666666667
Amycolatopsis_lurida	Amycolatopsis_lurida_NRRL_2430_GCA_000749465	427.0	3.6666666666666665
Amycolatopsis_mediterranei	Amycolatopsis_mediterranei_GCA_001742805	1079.0	14.683333333333334
Amycolatopsis_methanolica	Amycolatopsis_methanolica_239_GCA_000739085	368.0	2.7666666666666666
Amycolatopsis_orientalis	Amycolatopsis_orientalis_DSM_43388_GCA_000411975	437.0	6.083333333333333
Amycolatopsis_pretoriensis	Amycolatopsis_pretoriensis_GCA_900107925	407.0	4.166666666666667
Amycolatopsis_regifaucium	Amycolatopsis_regifaucium_GCA_001613935	432.0	4.7
Amycolatopsis_thermalba	Amycolatopsis_thermalba_GCA_003385215	325.0	2.85
Amycolatopsis_vancoresmycina	Amycolatopsis_vancoresmycina_GCA_000716785	429.0	4.4
Anabaena_cylindrica	Anabaena_cylindrica_PCC_7122_GCA_002367955	326.0	2.5
Anaerobiospirillum_thomasii	Anaerobiospirillum_thomasii_GCA_900445255	268.0	1.4
Anaerococcus_hydrogenalis	Anaerococcus_hydrogenalis_DSM_7454_GCA_000173355	264.0	1.4
Anaerococcus_lactolyticus	Anaerococcus_lactolyticus_S7_1_13_GCA_000758765	239.0	0.8
Anaerococcus_octavius	Anaerococcus_octavius_GCA_900445265	229.0	0.8166666666666667
Anaerococcus_prevotii	Anaerococcus_prevotii_DSM_20548_GCA_000024105	260.0	1.1166666666666667
Anaerococcus_tetradius	Anaerococcus_tetradius_ATCC_35098_GCA_000159095	251.0	0.9
Anaerococcus_vaginalis	Anaerococcus_vaginalis_GCA_000307225	111.0	0.7333333333333333
Anaerocolumna_aminovalerica	Anaerocolumna_aminovalerica_GCA_900205915	164.0	1.5333333333333334
Anaerolinea_thermolimosa	Anaerolinea_thermolimosa_GCA_003516895	148.0	1.1666666666666667
Anaerolinea_thermophila	Anaerolinea_thermophila_UNI_1_GCA_000199675	138.0	0.9666666666666667
Anaeromyxobacter_dehalogenans	Anaeromyxobacter_dehalogenans_2CP_1_GCA_000022145	293.0	1.9333333333333333
Anaerophaga_thermohalophila	Anaerophaga_thermohalophila_str__Valhall_GCA_000250735	286.0	1.65
Anaerostipes_caccae	Anaerostipes_caccae_DSM_14662_GCA_000154305	274.0	1.3333333333333333
Anaerostipes_hadrus	Anaerostipes_hadrus_DSM_3319_GCA_000332875	230.0	0.75
Anaerotignum_lactatifermentans	Anaerotignum_lactatifermentans_GCA_002161375	268.0	1.2833333333333334
Anaerotignum_propionicum	Anaerotignum_propionicum_DSM_1682_GCA_900129165	243.0	1.1333333333333333
Anaerotruncus_colihominis	Anaerotruncus_colihominis_GCA_002160445	380.0	3.45
Anaerovibrio_lipolyticus	Anaerovibrio_lipolyticus_GCA_002372665	270.0	NA
Anaplasma_phagocytophilum	Anaplasma_phagocytophilum_GCA_000968465	175.0	1.95
Aneurinibacillus_migulanus	Aneurinibacillus_migulanus_GCA_000878885	562.0	6.766666666666667
Aneurinibacillus_soli	Aneurinibacillus_soli_GCA_002355375	257.0	1.4333333333333333
Anoxybacillus_ayderensis	Anoxybacillus_ayderensis_GCA_000443775	242.0	1.4333333333333333
Anoxybacillus_flavithermus	Anoxybacillus_flavithermus_GCA_001587555	207.0	0.8333333333333334
Anoxybacillus_gonensis	Anoxybacillus_gonensis_GCA_001187595	273.0	1.7833333333333334
Anoxybacillus_suryakundensis	Anoxybacillus_suryakundensis_GCA_001517225	214.0	0.9833333333333333
Antarctobacter_heliothermus	Antarctobacter_heliothermus_GCA_002237555	268.0	1.75
Apibacter_adventoris	Apibacter_adventoris_GCA_002964965	116.0	0.9166666666666666
Apibacter_mensalis	Apibacter_mensalis_GCA_900018365	251.0	NA
Aquimarina_megaterium	Aquimarina_megaterium_GCA_900089995	321.0	2.216666666666667
Arcanobacterium_haemolyticum	Arcanobacterium_haemolyticum_DSM_20595_GCA_000092365	282.0	1.3666666666666667
Archaeoglobus_fulgidus	Archaeoglobus_fulgidus_GCA_001508745	294.0	1.8833333333333333
Archangium_gephyra	Archangium_gephyra_GCA_001027285	538.0	6.283333333333333
Arcobacter_butzleri	Arcobacter_butzleri_RM4018_GCA_000014025	270.0	1.05
Ardenticatena_maritima	Ardenticatena_maritima_GCA_001293545	278.0	1.3833333333333333
Arenibacter_algicola	Arenibacter_algicola_GCA_002234495	303.0	2.05
Arenimonas_composti	Arenimonas_composti_TR7_09___DSM_18010_GCA_000426365	280.0	1.3166666666666667
Arenimonas_oryziterrae	Arenimonas_oryziterrae_DSM_21050___YC6267_GCA_000420545	166.0	1.0833333333333333
Arenitalea_lutea	Arenitalea_lutea_GCA_900141715	172.0	1.2
Arthrobacter_alpinus	Arthrobacter_alpinus_GCA_900275615	317.0	4.15
Arthrobacter_crystallopoietes	Arthrobacter_crystallopoietes_GCA_002849715	212.0	2.3833333333333333
Arthrobacter_enclensis	Arthrobacter_enclensis_GCA_900094675	170.0	1.5166666666666666
Arthrobacter_globiformis	Arthrobacter_globiformis_NBRC_12137_GCA_000238915	215.0	2.2333333333333334
Arthrobacter_woluwensis	Arthrobacter_woluwensis_GCA_900105345	197.0	1.9333333333333333
Asaia_bogorensis	Asaia_bogorensis_GCA_900465345	208.0	1.6
Asaia_platycodi	Asaia_platycodi_JCM_25414_GCA_000614545	165.0	0.9833333333333333
Asticcacaulis_benevestitus	Asticcacaulis_benevestitus_DSM_16100___ATCC_BAA_896_GCA_000495775	213.0	1.6833333333333333
Atopobium_minutum	Atopobium_minutum_10063974_GCA_000364325	162.0	0.9333333333333333
Atopobium_parvulum	Atopobium_parvulum_DNF00906_GCA_000758945	138.0	0.6166666666666667
Atopobium_rimae	Atopobium_rimae_GCA_001438885	120.0	0.6333333333333333
Atopobium_vaginae	Atopobium_vaginae_GCA_900445305	157.0	1.2833333333333334
Aurantimonas_coralicida	Aurantimonas_coralicida_GCA_001463825	179.0	1.55
Aurantimonas_manganoxydans	Aurantimonas_manganoxydans_SI85_9A1_GCA_000153465	175.0	1.4333333333333333
Aureimonas_altamirensis	Aureimonas_altamirensis_GCA_001463885	218.0	2.35
Aureimonas_ureilytica	Aureimonas_ureilytica_DSM_18598___NBRC_106430_GCA_000382705	263.0	3.25
Austwickia_chelonae	Austwickia_chelonae_GCA_900111385	174.0	1.7833333333333334
Avibacterium_gallinarum	Avibacterium_gallinarum_GCA_002921135	139.0	1.0666666666666667
Avibacterium_paragallinarum	Avibacterium_paragallinarum_GCA_000969305	158.0	1.3666666666666667
Azoarcus_communis	Azoarcus_communis_SWub3___DSM_12120_GCA_003226565	256.0	2.8333333333333335
Azonexus_hydrophilus	Azonexus_hydrophilus_DSM_23864_GCA_000429605	164.0	1.4166666666666667
Azospira_oryzae	Azospira_oryzae_GCA_003243265	203.0	2.2333333333333334
Azospirillum_brasilense	Azospirillum_brasilense_GCA_002940755	630.0	9.283333333333333
Azospirillum_thiophilum	Azospirillum_thiophilum_GCA_000960825	325.0	3.316666666666667
Azotobacter_beijerinckii	Azotobacter_beijerinckii_GCA_900112015	391.0	4.466666666666667
Azovibrio_restrictus	Azovibrio_restrictus_GCA_003252145	201.0	0.95
Bacillus_acidiceler	Bacillus_acidiceler_GCA_004138285	326.0	2.433333333333333
Bacillus_akibai	Bacillus_akibai_JCM_9157_GCA_001315085	296.0	1.65
Bacillus_alkalitelluris	Bacillus_alkalitelluris_GCA_002019645	286.0	1.4333333333333333
Bacillus_altitudinis	Bacillus_altitudinis_GCA_003217715	310.0	2.15
Bacillus_amyloliquefaciens	Bacillus_amyloliquefaciens_GCA_001672615	422.0	3.8666666666666667
Bacillus_andreraoultii	Bacillus_andreraoultii_GCA_001244735	320.0	2.0166666666666666
Bacillus_aryabhattai	Bacillus_aryabhattai_GCA_001619595	360.0	2.65
Bacillus_atrophaeus	Bacillus_atrophaeus_GCA_002173495	154.0	1.0166666666666666
Bacillus_azotoformans	Bacillus_azotoformans_LMG_9581_GCA_000307855	176.0	1.4166666666666667
Bacillus_badius	Bacillus_badius_GCA_000829555	328.0	4.05
Bacillus_boroniphilus	Bacillus_boroniphilus_JCM_21738_GCA_000517385	237.0	1.4333333333333333
Bacillus_butanolivorans	Bacillus_butanolivorans_GCA_002556305	314.0	2.6333333333333333
Bacillus_cellulasensis	Bacillus_cellulasensis_GCA_000299555	430.0	4.516666666666667
Bacillus_circulans	Bacillus_circulans_GCA_002271995	260.0	1.8333333333333333
Bacillus_clausii	Bacillus_clausii_GCA_002272525	248.0	1.0833333333333333
Bacillus_coagulans	Bacillus_coagulans_DSM_1___ATCC_7050_GCA_000290615	344.0	2.6666666666666665
Bacillus_coahuilensis	Bacillus_coahuilensis_m2_6_GCA_001516885	279.0	1.5666666666666667
Bacillus_cohnii	Bacillus_cohnii_NBRC_15565_GCA_001591425	307.0	1.7
Bacillus_cytotoxicus	Bacillus_cytotoxicus_GCA_002251045	455.0	4.5
Bacillus_drentensis	Bacillus_drentensis_NBRC_102427_GCA_001591445	305.0	1.8
Bacillus_enclensis	Bacillus_enclensis_GCA_001456935	292.0	1.5166666666666666
Bacillus_endophyticus	Bacillus_endophyticus_GCA_003269955	510.0	5.483333333333333
Bacillus_filamentosus	Bacillus_filamentosus_GCA_003600795	434.0	4.133333333333334
Bacillus_firmus	Bacillus_firmus_NBRC_15306_GCA_001591465	313.0	3.3
Bacillus_flexus	Bacillus_flexus_T6186_2_GCA_000612165	287.0	2.95
Bacillus_gaemokensis	Bacillus_gaemokensis_GCA_001590835	230.0	1.8666666666666667
Bacillus_glycinifermentans	Bacillus_glycinifermentans_GCA_001042465	317.0	3.4166666666666665
Bacillus_gottheilii	Bacillus_gottheilii_GCA_900166665	205.0	1.4166666666666667
Bacillus_halotolerans	Bacillus_halotolerans_GCA_002860175	245.0	0.95
Bacillus_haynesii	Bacillus_haynesii_GCA_000559105	334.0	1.6333333333333333
Bacillus_hemicellulosilyticus	Bacillus_hemicellulosilyticus_JCM_9152_GCA_000513115	335.0	1.6666666666666667
Bacillus_horikoshii	Bacillus_horikoshii_DSM_8719_GCA_001648575	346.0	2.1666666666666665
Bacillus_horneckiae	Bacillus_horneckiae_GCA_002835735	333.0	1.5666666666666667
Bacillus_indicus	Bacillus_indicus_LMG_22858_GCA_000708755	307.0	1.3333333333333333
Bacillus_intestinalis	Bacillus_intestinalis_GCA_001566945	421.0	3.95
Bacillus_krulwichiae	Bacillus_krulwichiae_GCA_002109385	329.0	1.6
Bacillus_lentus	Bacillus_lentus_GCA_900478165	328.0	1.5833333333333333
Bacillus_licheniformis	Bacillus_licheniformis_GCA_002271725	200.0	1.8166666666666667
Bacillus_marisflavi	Bacillus_marisflavi_GCA_001274775	364.0	4.733333333333333
Bacillus_methanolicus	Bacillus_methanolicus_MGA3_GCA_000724485	259.0	1.6166666666666667
Bacillus_mobilis	Bacillus_mobilis_GCA_003612955	262.0	NA
Bacillus_mojavensis	Bacillus_mojavensis_RO_H_1___KCTC_3706_GCA_000507105	244.0	1.3666666666666667
Bacillus_muralis	Bacillus_muralis_GCA_001439925	257.0	1.6166666666666667
Bacillus_mycoides	Bacillus_mycoides_DSM_2048_GCA_000003925	390.0	4.116666666666666
Bacillus_nakamurai	Bacillus_nakamurai_GCA_001584345	235.0	1.3166666666666667
Bacillus_nealsonii	Bacillus_nealsonii_AAU1_GCA_000401235	268.0	1.55
Bacillus_niacini	Bacillus_niacini_GCA_000759675	326.0	2.4
Bacillus_novalis	Bacillus_novalis_GCA_001636395	291.0	1.9
Bacillus_onubensis	Bacillus_onubensis_GCA_002734215	271.0	1.5666666666666667
Bacillus_paralicheniformis	Bacillus_paralicheniformis_GCA_002998255	246.0	1.2666666666666666
Bacillus_safensis	Bacillus_safensis_GCA_001938665	337.0	2.6666666666666665
Bacillus_siamensis	Bacillus_siamensis_GCA_002850535	460.0	4.883333333333334
Bacillus_simplex	Bacillus_simplex_GCA_900000145	481.0	6.883333333333334
Bacillus_smithii	Bacillus_smithii_NBRC_15311_GCA_001591985	151.0	1.3833333333333333
Bacillus_soli	Bacillus_soli_NBRC_102451_GCA_001591665	195.0	1.9666666666666666
Bacillus_sonorensis	Bacillus_sonorensis_NBRC_101234___KCTC_13918_GCA_000507125	394.0	5.3
Bacillus_sporothermodurans	Bacillus_sporothermodurans_GCA_003055045	344.0	2.966666666666667
Bacillus_swezeyi	Bacillus_swezeyi_GCA_001969555	296.0	1.6666666666666667
Bacillus_tequilensis	Bacillus_tequilensis_KCTC_13622_GCA_000507145	278.0	1.35
Bacillus_trypoxylicola	Bacillus_trypoxylicola_NBRC_102646_GCA_001592025	270.0	1.5166666666666666
Bacillus_vallismortis	Bacillus_vallismortis_GCA_004116955	365.0	3.2333333333333334
Bacillus_vietnamensis	Bacillus_vietnamensis_GCA_001305855	309.0	2.0166666666666666
Bacillus_vireti	Bacillus_vireti_GCA_001026695	307.0	1.8666666666666667
Bacillus_wakoensis	Bacillus_wakoensis_JCM_9140_GCA_001315045	290.0	1.5833333333333333
Bacillus_xiamenensis	Bacillus_xiamenensis_GCA_000300535	137.0	1.2333333333333334
Bacteroides_acidifaciens	Bacteroides_acidifaciens_GCA_003670205	416.0	4.466666666666667
Bacteroides_barnesiae	Bacteroides_barnesiae_DSM_18169___JCM_13652_GCA_000613645	258.0	1.8
Bacteroides_caccae	Bacteroides_caccae_GCA_002222615	563.0	6.816666666666666
Bacteroides_caecimuris	Bacteroides_caecimuris_GCA_003611865	330.0	3.033333333333333
Bacteroides_cellulosilyticus	Bacteroides_cellulosilyticus_GCA_003457665	435.0	4.783333333333333
Bacteroides_clarus	Bacteroides_clarus_YIT_12056_GCA_900129655	418.0	4.55
Bacteroides_coprocola	Bacteroides_coprocola_DSM_17136_GCA_000154845	247.0	NA
Bacteroides_coprophilus	Bacteroides_coprophilus_JCM_13816_GCA_001315745	264.0	3.4
Bacteroides_dorei	Bacteroides_dorei_CL03T12C01_GCA_000273075	347.0	2.6333333333333333
Bacteroides_eggerthii	Bacteroides_eggerthii_GCA_003470085	322.0	2.3833333333333333
Bacteroides_faecichinchillae	Bacteroides_faecichinchillae_JCM_17102_GCA_000614145	283.0	1.6833333333333333
Bacteroides_faecis	Bacteroides_faecis_GCA_003439395	510.0	5.433333333333334
Bacteroides_finegoldii	Bacteroides_finegoldii_CL09T03C10_GCA_000304195	432.0	4.05
Bacteroides_gallinarum	Bacteroides_gallinarum_DSM_18171___JCM_13658_GCA_000613665	294.0	1.7833333333333334
Bacteroides_graminisolvens	Bacteroides_graminisolvens_GCA_002380355	345.0	2.966666666666667
Bacteroides_intestinalis	Bacteroides_intestinalis_GCA_003464595	427.0	4.1
Bacteroides_massiliensis	Bacteroides_massiliensis_B84634___Timone_84634___DSM_17679___JCM_13223_GCA_000373085	228.0	2.6333333333333333
Bacteroides_nordii	Bacteroides_nordii_WAL_11050___JCM_12987_GCA_000613465	385.0	3.033333333333333
Bacteroides_oleiciplenus	Bacteroides_oleiciplenus_GCA_001915515	417.0	3.5
Bacteroides_ovatus	Bacteroides_ovatus_GCA_003472145	719.0	8.683333333333334
Bacteroides_paurosaccharolyticus	Bacteroides_paurosaccharolyticus_JCM_15092_GCA_000613805	252.0	1.2166666666666666
Bacteroides_plebeius	Bacteroides_plebeius_GCA_003466905	344.0	2.3833333333333333
Bacteroides_propionicifaciens	Bacteroides_propionicifaciens_DSM_19291___JCM_14649_GCA_000613745	259.0	1.0333333333333334
Bacteroides_pyogenes	Bacteroides_pyogenes_JCM_6292_GCA_000511735	374.0	3.066666666666667
Bacteroides_salyersiae	Bacteroides_salyersiae_WAL_10018___DSM_18765___JCM_12988_GCA_000381365	478.0	4.65
Bacteroides_sartorii	Bacteroides_sartorii_JCM_17136___DSM_21941_GCA_000614185	371.0	2.8
Bacteroides_stercorirosoris	Bacteroides_stercorirosoris_GCA_900142015	412.0	3.533333333333333
Bacteroides_stercoris	Bacteroides_stercoris_GCA_003475165	276.0	3.55
Bacteroides_thetaiotaomicron	Bacteroides_thetaiotaomicron_dnLKV9_GCA_000403155	281.0	2.35
Bacteroides_uniformis	Bacteroides_uniformis_GCA_003463315	383.0	4.133333333333334
Bacteroides_vulgatus	Bacteroides_vulgatus_GCA_003475435	288.0	2.4833333333333334
Bacteroides_xylanisolvens	Bacteroides_xylanisolvens_GCA_003458755	223.0	1.45
Barnesiella_intestinihominis	Barnesiella_intestinihominis_GCA_003448915	250.0	1.9666666666666666
Barnesiella_viscericola	Barnesiella_viscericola_GCA_002314965	190.0	0.9666666666666667
Bartonella_apis	Bartonella_apis_GCA_001952075	193.0	2.1166666666666667
Bartonella_bacilliformis	Bartonella_bacilliformis_Hosp800_02_GCA_000709735	127.0	1.0333333333333334
Bartonella_clarridgeiae	Bartonella_clarridgeiae_ATCC_51734_GCA_000518185	177.0	0.7166666666666667
Bartonella_doshiae	Bartonella_doshiae_NCTC_12862___ATCC_700133_GCA_000278155	231.0	1.3
Bartonella_elizabethae	Bartonella_elizabethae_GCA_002022705	248.0	1.6666666666666667
Bartonella_grahamii	Bartonella_grahamii_as4aup_GCA_000022725	237.0	1.3666666666666667
Bartonella_henselae	Bartonella_henselae_GCA_001291465	193.0	0.9
Bartonella_quintana	Bartonella_quintana_JK_56_GCA_000708905	247.0	1.6666666666666667
Bartonella_rattimassiliensis	Bartonella_rattimassiliensis_15908_GCA_000278215	105.0	0.7333333333333333
Bartonella_tribocorum	Bartonella_tribocorum_CIP_105476_GCA_000196435	196.0	1.7
Bartonella_vinsonii	Bartonella_vinsonii_GCA_900638635	194.0	1.7166666666666666
Basfia_succiniciproducens	Basfia_succiniciproducens_GCA_900101275	140.0	0.8666666666666667
Basilea_psittacipulmonis	Basilea_psittacipulmonis_DSM_24701_GCA_000743945	125.0	0.7666666666666667
Bavariicoccus_seileri	Bavariicoccus_seileri_DSM_19936_GCA_000421665	124.0	0.75
Bdellovibrio_bacteriovorus	Bdellovibrio_bacteriovorus_GCA_001592745	444.0	4.933333333333334
Beggiatoa_leptomitoformis	Beggiatoa_leptomitoformis_GCA_001305575	270.0	2.05
Bellilinea_caldifistulae	Bellilinea_caldifistulae_GCA_001050215	254.0	1.75
Belnapia_rosea	Belnapia_rosea_GCA_900101615	326.0	3.05
Bergeriella_denitrificans	Bergeriella_denitrificans_GCA_900203215	184.0	1.0
Bergeyella_zoohelcum	Bergeyella_zoohelcum_GCA_900445675	225.0	1.5333333333333334
Bhargavaea_cecembensis	Bhargavaea_cecembensis_GCA_000826125	146.0	1.3
Bifidobacterium_actinocoloniiforme	Bifidobacterium_actinocoloniiforme_DSM_22766_GCA_000741095	124.0	0.9833333333333333
Bifidobacterium_adolescentis	Bifidobacterium_adolescentis_GCA_003465205	152.0	1.3166666666666667
Bifidobacterium_angulatum	Bifidobacterium_angulatum_DSM_20098___JCM_7096_GCA_000771205	173.0	NA
Bifidobacterium_animalis	Bifidobacterium_animalis_subsp__animalis_MCC_1489_GCA_001263835	167.0	1.6
Bifidobacterium_asteroides	Bifidobacterium_asteroides_GCA_003202755	108.0	0.6166666666666667
Bifidobacterium_biavatii	Bifidobacterium_biavatii_DSM_23969_GCA_000741165	146.0	1.1666666666666667
Bifidobacterium_bifidum	Bifidobacterium_bifidum_LMG_13195_GCA_001020415	154.0	1.3
Bifidobacterium_bohemicum	Bifidobacterium_bohemicum_DSM_22767_GCA_000741525	334.0	1.35
Bifidobacterium_bombi	Bifidobacterium_bombi_DSM_19703_GCA_000737845	283.0	0.8166666666666667
Bifidobacterium_boum	Bifidobacterium_boum_DSM_20432_GCA_000771385	337.0	1.4
Bifidobacterium_breve	Bifidobacterium_breve_GCA_002838625	407.0	3.4166666666666665
Bifidobacterium_callitrichos	Bifidobacterium_callitrichos_DSM_23973_GCA_000741175	351.0	2.0166666666666666
Bifidobacterium_catenulatum	Bifidobacterium_catenulatum_DSM_16992___JCM_1194___LMG_11043_GCA_000741565	348.0	1.9
Bifidobacterium_choerinum	Bifidobacterium_choerinum_DSM_20434_GCA_000484675	334.0	1.55
Bifidobacterium_coryneforme	Bifidobacterium_coryneforme_DSM_20216_GCA_000771345	320.0	1.1333333333333333
Bifidobacterium_cuniculi	Bifidobacterium_cuniculi_GCA_000741575	312.0	1.0166666666666666
Bifidobacterium_dentium	Bifidobacterium_dentium_GCA_001686085	268.0	0.6333333333333333
Bifidobacterium_gallicum	Bifidobacterium_gallicum_DSM_20093___LMG_11596_GCA_000771165	121.0	1.0166666666666666
Bifidobacterium_gallinarum	Bifidobacterium_gallinarum_GCA_004135085	338.0	1.6666666666666667
Bifidobacterium_indicum	Bifidobacterium_indicum_LMG_11587___DSM_20214_GCA_000771325	272.0	1.0
Bifidobacterium_kashiwanohense	Bifidobacterium_kashiwanohense_JCM_15439___DSM_21854_GCA_001042615	339.0	1.7333333333333334
Bifidobacterium_lemurum	Bifidobacterium_lemurum_GCA_002259665	318.0	NA
Bifidobacterium_magnum	Bifidobacterium_magnum_DSM_20222_GCA_000771365	296.0	0.9333333333333333
Bifidobacterium_merycicum	Bifidobacterium_merycicum_GCA_000741615	330.0	1.6333333333333333
Bifidobacterium_minimum	Bifidobacterium_minimum_GCA_000741645	307.0	NA
Bifidobacterium_mongoliense	Bifidobacterium_mongoliense_DSM_21395_GCA_000771525	315.0	1.2166666666666666
Bifidobacterium_pseudocatenulatum	Bifidobacterium_pseudocatenulatum_GCA_003471505	307.0	1.1166666666666667
Bifidobacterium_pseudolongum	Bifidobacterium_pseudolongum_subsp__globosum_DSM_20092_GCA_000771145	245.0	2.216666666666667
Bifidobacterium_psychraerophilum	Bifidobacterium_psychraerophilum_DSM_22366_GCA_000771565	208.0	1.3833333333333333
Bifidobacterium_pullorum	Bifidobacterium_pullorum_GCA_000741335	162.0	0.7166666666666667
Bifidobacterium_reuteri	Bifidobacterium_reuteri_DSM_23975_GCA_000771685	189.0	1.0166666666666666
Bifidobacterium_ruminantium	Bifidobacterium_ruminantium_DSM_6489_GCA_000770925	194.0	1.1
Bifidobacterium_saeculare	Bifidobacterium_saeculare_DSM_6531___LMG_14934_GCA_000741375	243.0	0.8833333333333333
Bifidobacterium_saguini	Bifidobacterium_saguini_DSM_23967_GCA_000741715	260.0	1.0666666666666667
Bifidobacterium_scardovii	Bifidobacterium_scardovii_GCA_000741405	337.0	2.533333333333333
Bifidobacterium_subtile	Bifidobacterium_subtile_DSM_20096_GCA_000771185	295.0	1.4333333333333333
Bifidobacterium_thermacidophilum	Bifidobacterium_thermacidophilum_subsp__thermacidophilum_GCA_000741455	313.0	1.75
Bifidobacterium_thermophilum	Bifidobacterium_thermophilum_GCA_002846785	307.0	2.0
Bifidobacterium_tsurumiense	Bifidobacterium_tsurumiense_DSM_17777_GCA_000429745	272.0	1.1166666666666667
Bilophila_wadsworthia	Bilophila_wadsworthia_ATCC_49260_GCA_000701705	260.0	1.5666666666666667
Blastochloris_viridis	Blastochloris_viridis_GCA_001402875	286.0	1.8166666666666667
Blastococcus_saxobsidens	Blastococcus_saxobsidens_DD2_GCA_000284015	281.0	1.6166666666666667
Blastopirellula_marina	Blastopirellula_marina_DSM_3645_GCA_000153105	477.0	5.183333333333334
Blautia_coccoides	Blautia_coccoides_GCA_002221555	287.0	1.8166666666666667
Blautia_hansenii	Blautia_hansenii_DSM_20583_GCA_000156675	221.0	1.1166666666666667
Blautia_hydrogenotrophica	Blautia_hydrogenotrophica_GCA_001404935	243.0	1.2333333333333334
Blautia_obeum	Blautia_obeum_GCA_001404455	290.0	1.8833333333333333
Blautia_producta	Blautia_producta_ATCC_27340___DSM_2950_GCA_000439125	395.0	3.966666666666667
Blautia_wexlerae	Blautia_wexlerae_AGR2146_GCA_000424085	233.0	2.25
Bordetella_avium	Bordetella_avium_GCA_003579985	252.0	2.5166666666666666
Bordetella_bronchialis	Bordetella_bronchialis_GCA_001676705	243.0	2.35
Bordetella_bronchiseptica	Bordetella_bronchiseptica_GCA_003184485	672.0	7.1
Bordetella_hinzii	Bordetella_hinzii_CA90_BAL1384_GCA_000657815	284.0	1.2
Bordetella_holmesii	Bordetella_holmesii_GCA_003184445	199.0	1.9333333333333333
Bordetella_parapertussis	Bordetella_parapertussis_GCA_003186265	373.0	4.766666666666667
Bordetella_petrii	Bordetella_petrii_GCA_000067205	236.0	2.466666666666667
Bordetella_pseudohinzii	Bordetella_pseudohinzii_GCA_001698185	539.0	5.133333333333334
Bordetella_trematum	Bordetella_trematum_GCA_900445905	258.0	1.15
Borrelia_coriaceae	Borrelia_coriaceae_Co53_GCA_000568755	249.0	1.0
Borrelia_hermsii	Borrelia_hermsii_HS1_GCA_001660005	277.0	1.7333333333333334
Borrelia_mayonii	Borrelia_mayonii_GCA_001945665	228.0	0.6666666666666666
Borreliella_bissettii	Borreliella_bissettii_DN127_GCA_000222305	240.0	0.8333333333333334
Bosea_thiooxidans	Bosea_thiooxidans_GCA_900168195	288.0	2.0166666666666666
Brachybacterium_faecium	Brachybacterium_faecium_GCA_900163605	307.0	2.3666666666666667
Brachyspira_hampsonii	Brachyspira_hampsonii_GCA_002214805	355.0	3.3333333333333335
Brachyspira_hyodysenteriae	Brachyspira_hyodysenteriae_GCA_001013205	270.0	1.8
Brachyspira_murdochii	Brachyspira_murdochii_DSM_12563_GCA_000092845	230.0	1.1833333333333333
Brachyspira_pilosicoli	Brachyspira_pilosicoli_B2904_GCA_000296575	331.0	2.8833333333333333
Bradyrhizobium_arachidis	Bradyrhizobium_arachidis_GCA_900116675	358.0	3.3666666666666667
Bradyrhizobium_diazoefficiens	Bradyrhizobium_diazoefficiens_GCA_001280585	446.0	4.733333333333333
Bradyrhizobium_elkanii	Bradyrhizobium_elkanii_WSM1741_GCA_000472965	265.0	1.7166666666666666
Bradyrhizobium_japonicum	Bradyrhizobium_japonicum_CCBAU_15618_GCA_000261585	759.0	11.466666666666667
Bradyrhizobium_lablabi	Bradyrhizobium_lablabi_GCA_002797515	432.0	4.616666666666666
Bradyrhizobium_ottawaense	Bradyrhizobium_ottawaense_GCA_002532025	364.0	4.183333333333334
Bradyrhizobium_valentinum	Bradyrhizobium_valentinum_GCA_001440385	283.0	3.1
Bradyrhizobium_yuanmingense	Bradyrhizobium_yuanmingense_GCA_001439885	600.0	7.5
Branchiibius_hedensis	Branchiibius_hedensis_GCA_003149195	236.0	1.5333333333333334
Brenneria_goodwinii	Brenneria_goodwinii_GCA_003666235	356.0	3.5166666666666666
Brevibacillus_brevis	Brevibacillus_brevis_GCA_003012835	377.0	3.816666666666667
Brevibacillus_formosus	Brevibacillus_formosus_GCA_003013405	356.0	3.466666666666667
Brevibacillus_laterosporus	Brevibacillus_laterosporus_GCA_001696705	584.0	7.3
Brevibacillus_reuszeri	Brevibacillus_reuszeri_GCA_002897295	292.0	2.3666666666666667
Brevibacterium_aurantiacum	Brevibacterium_aurantiacum_GCA_900169065	133.0	1.1333333333333333
Brevibacterium_casei	Brevibacterium_casei_GCA_002276605	331.0	4.266666666666667
Brevibacterium_epidermidis	Brevibacterium_epidermidis_NBRC_14811_GCA_001570805	155.0	1.3666666666666667
Brevibacterium_iodinum	Brevibacterium_iodinum_ATCC_49514_GCA_900169265	257.0	1.3666666666666667
Brevibacterium_linens	Brevibacterium_linens_GCA_900169185	372.0	3.3
Brevibacterium_ravenspurgense	Brevibacterium_ravenspurgense_5401308___CCUG_53855_GCA_001584405	310.0	1.9166666666666667
Brevirhabdus_pacifica	Brevirhabdus_pacifica_GCA_002797755	302.0	1.8
Brevundimonas_diminuta	Brevundimonas_diminuta_GCA_002205555	227.0	0.8333333333333334
Brevundimonas_naejangsanensis	Brevundimonas_naejangsanensis_GCA_002362815	308.0	1.9333333333333333
Brevundimonas_subvibrioides	Brevundimonas_subvibrioides_GCA_002280785	279.0	1.4166666666666667
Brevundimonas_vesicularis	Brevundimonas_vesicularis_NBRC_12165_GCA_001592205	295.0	1.65
Brochothrix_thermosphacta	Brochothrix_thermosphacta_DSM_20171___FSL_F6_1036_GCA_000620985	152.0	1.4166666666666667
Brucella_canis	Brucella_canis_HSK_A52141_GCA_000238195	193.0	2.033333333333333
Brucella_ceti	Brucella_ceti_str__Cudo_GCA_000182425	253.0	1.4
Brucella_inopinata	Brucella_inopinata_BO1_GCA_000662015	223.0	1.15
Brucella_neotomae	Brucella_neotomae_GCA_900446125	331.0	3.1166666666666667
Brucella_ovis	Brucella_ovis_IntaBari_2002_82_58_GCA_000365925	213.0	0.9666666666666667
Brucella_suis	Brucella_suis_bv__1_str__S2_GCA_000209635	247.0	1.3333333333333333
Brucella_vulpis	Brucella_vulpis_GCA_900000005	250.0	1.3666666666666667
Budvicia_aquatica	Budvicia_aquatica_DSM_5075___ATCC_35567_GCA_000427805	277.0	2.0166666666666666
Burkholderia_ambifaria	Burkholderia_ambifaria_GCA_001443045	186.0	1.9333333333333333
Burkholderia_contaminans	Burkholderia_contaminans_FFH2055_GCA_000987055	747.0	10.166666666666666
Burkholderia_gladioli	Burkholderia_gladioli_GCA_900608525	630.0	8.383333333333333
Burkholderia_glumae	Burkholderia_glumae_GCA_000801065	459.0	5.483333333333333
Burkholderia_lata	Burkholderia_lata_GCA_001038745	425.0	4.95
Burkholderia_mallei	Burkholderia_mallei_GCA_000959165	467.0	5.583333333333333
Burkholderia_oklahomensis	Burkholderia_oklahomensis_GCA_000755985	688.0	9.266666666666667
Burkholderia_plantarii	Burkholderia_plantarii_GCA_000835205	404.0	4.716666666666667
Burkholderia_pyrrocinia	Burkholderia_pyrrocinia_GCA_001028665	630.0	8.383333333333333
Burkholderia_singularis	Burkholderia_singularis_GCA_001523725	182.0	1.9333333333333333
Burkholderia_stabilis	Burkholderia_stabilis_GCA_002356275	500.0	6.933333333333334
Burkholderia_thailandensis	Burkholderia_thailandensis_MSMB43_GCA_000170495	266.0	3.0833333333333335
